场次号,联赛,主队,客队,更新时间,让球胜,让球平,让球负
周六009,德甲,埃尔沃斯堡,勒沃库森,21:30,2026-08-28 09:47:05,2.24,3.65,2.45
周六009,德甲,埃尔沃斯堡,勒沃库森,21:30,2026-08-29 11:22:53,2.30,3.65,2.38
周六009,德甲,埃尔沃斯堡,勒沃库森,21:30,2026-08-29 12:22:08,2.36,3.70,2.30
周六009,德甲,埃尔沃斯堡,勒沃库森,21:30,2026-08-29 17:25:45,2.42,3.70,2.24
周六010,德甲,莱比锡红牛,门兴格拉德巴赫,21:30,2026-08-28 09:47:05,2.31,3.70,2.35
周六010,德甲,莱比锡红牛,门兴格拉德巴赫,21:30,2026-08-29 12:23:24,2.27,3.80,2.35
周六010,德甲,莱比锡红牛,门兴格拉德巴赫,21:30,2026-08-29 15:39:15,2.18,3.80,2.46
周六011,德甲,柏林联合,法兰克福,21:30,2026-08-28 09:47:05,5.00,4.25,1.44
周六011,德甲,柏林联合,法兰克福,21:30,2026-08-28 11:36:26,5.25,4.35,1.41
周六012,德甲,科隆,霍芬海姆,21:30,2026-08-28 09:47:05,1.57,4.00,4.12
周六012,德甲,科隆,霍芬海姆,21:30,2026-08-29 14:10:15,1.60,3.95,3.98
周六013,德甲,美因茨,帕德博恩,21:30,2026-08-28 09:47:05,2.60,3.40,2.22
周六013,德甲,美因茨,帕德博恩,21:30,2026-08-29 11:23:53,2.50,3.40,2.30
周六013,德甲,美因茨,帕德博恩,21:30,2026-08-29 12:26:46,2.38,3.46,2.38
周六013,德甲,美因茨,帕德博恩,21:30,2026-08-29 14:11:02,2.32,3.60,2.38
周六013,德甲,美因茨,帕德博恩,21:30,2026-08-29 16:12:55,2.22,3.70,2.45
周六013,德甲,美因茨,帕德博恩,21:30,2026-08-29 17:50:43,2.15,3.80,2.50
周六014,英超,考文垂,赫尔城,22:00,2026-08-28 09:47:05,3.00,3.45,1.98
周六014,英超,考文垂,赫尔城,22:00,2026-08-29 15:36:32,2.95,3.38,2.02
周六014,英超,考文垂,赫尔城,22:00,2026-08-29 19:23:33,2.95,3.33,2.04
周六015,英超,伯恩茅斯,埃弗顿,22:00,2026-08-28 09:47:05,3.60,3.70,1.72
周六015,英超,伯恩茅斯,埃弗顿,22:00,2026-08-29 14:12:44,3.70,3.70,1.70
周六015,英超,伯恩茅斯,埃弗顿,22:00,2026-08-29 18:45:37,3.80,3.75,1.67
周六016,西甲,莱万特,皇家贝蒂斯,23:00,2026-08-28 09:47:05,1.56,3.80,4.45
周六016,西甲,莱万特,皇家贝蒂斯,23:00,2026-08-29 11:39:51,1.58,3.75,4.35
周六016,西甲,莱万特,皇家贝蒂斯,23:00,2026-08-29 13:52:33,1.62,3.70,4.15
周六016,西甲,莱万特,皇家贝蒂斯,23:00,2026-08-29 16:09:55,1.59,3.75,4.27
周六016,西甲,莱万特,皇家贝蒂斯,23:00,2026-08-29 19:14:39,1.62,3.70,4.15
周六017,法甲,斯特拉斯堡,朗斯,23:15,2026-08-28 09:47:05,1.65,3.80,3.85
周六017,法甲,斯特拉斯堡,朗斯,23:15,2026-08-29 11:28:57,1.68,3.80,3.70
周六017,法甲,斯特拉斯堡,朗斯,23:15,2026-08-29 13:31:05,1.72,3.75,3.55
周六017,法甲,斯特拉斯堡,朗斯,23:15,2026-08-29 13:37:36,1.76,3.75,3.40
周六017,法甲,斯特拉斯堡,朗斯,23:15,2026-08-29 14:03:34,1.82,3.75,3.20
周六017,法甲,斯特拉斯堡,朗斯,23:15,2026-08-29 17:33:12,1.85,3.85,3.05
周六019,英超,托特纳姆热刺,纽卡斯尔联,00:30,2026-08-28 09:47:05,4.00,4.05,1.58
周六019,英超,托特纳姆热刺,纽卡斯尔联,00:30,2026-08-29 16:53:45,3.95,4.05,1.59
周六019,英超,托特纳姆热刺,纽卡斯尔联,00:30,2026-08-29 19:08:08,3.82,4.00,1.62
周六020,德甲,多特蒙德,汉堡,00:30,2026-08-28 09:47:05,1.80,3.75,3.25
周六020,德甲,多特蒙德,汉堡,00:30,2026-08-29 11:26:55,1.75,3.76,3.42
周六020,德甲,多特蒙德,汉堡,00:30,2026-08-29 12:33:49,1.72,3.88,3.45
周六020,德甲,多特蒙德,汉堡,00:30,2026-08-29 12:53:09,1.75,3.76,3.42
周六020,德甲,多特蒙德,汉堡,00:30,2026-08-29 13:01:57,1.80,3.75,3.25
周六020,德甲,多特蒙德,汉堡,00:30,2026-08-29 13:35:40,1.82,3.75,3.20
周六020,德甲,多特蒙德,汉堡,00:30,2026-08-29 17:35:03,1.79,3.88,3.20
周六021,意甲,蒙扎,乌迪内斯,00:30,2026-08-28 09:47:05,1.48,3.70,5.45
周六022,意甲,佛罗伦萨,弗洛西诺内,00:30,2026-08-28 09:47:05,2.70,3.30,2.20
周六022,意甲,佛罗伦萨,弗洛西诺内,00:30,2026-08-29 15:38:58,2.73,3.35,2.15
周六023,意甲,萨索洛,都灵,00:30,2026-08-28 09:47:05,4.60,3.65,1.57
周六023,意甲,萨索洛,都灵,00:30,2026-08-29 16:52:42,4.68,3.70,1.55
周六025,西甲,皇家社会,西班牙人,01:00,2026-08-28 09:47:05,3.65,3.55,1.75
周六025,西甲,皇家社会,西班牙人,01:00,2026-08-29 14:15:47,3.60,3.50,1.77
周六025,西甲,皇家社会,西班牙人,01:00,2026-08-29 15:39:44,3.60,3.42,1.79
周六025,西甲,皇家社会,西班牙人,01:00,2026-08-29 17:32:35,3.55,3.25,1.85
周六027,意甲,尤文图斯,帕尔马,02:45,2026-08-28 09:47:05,2.60,3.85,2.06
周六027,意甲,尤文图斯,帕尔马,02:45,2026-08-29 13:00:46,2.50,3.95,2.10
周六027,意甲,尤文图斯,帕尔马,02:45,2026-08-29 15:48:03,2.60,3.85,2.06
周六028,西甲,塞维利亚,马德里竞技,03:30,2026-08-28 09:47:05,1.74,3.50,3.75
周六028,西甲,塞维利亚,马德里竞技,03:30,2026-08-29 15:31:08,1.76,3.45,3.68
