场次号,联赛,主队,客队,比分,赔率
周六009,德甲,埃尔沃斯堡,勒沃库森,21:30,1:2,7.00
周六009,德甲,埃尔沃斯堡,勒沃库森,21:30,1:1,8.75
周六009,德甲,埃尔沃斯堡,勒沃库森,21:30,0:2,9.50
周六009,德甲,埃尔沃斯堡,勒沃库森,21:30,1:3,10.50
周六009,德甲,埃尔沃斯堡,勒沃库森,21:30,0:1,11.00
周六009,德甲,埃尔沃斯堡,勒沃库森,21:30,2:2,12.00
周六009,德甲,埃尔沃斯堡,勒沃库森,21:30,0:3,13.00
周六009,德甲,埃尔沃斯堡,勒沃库森,21:30,2:1,14.00
周六009,德甲,埃尔沃斯堡,勒沃库森,21:30,2:3,15.50
周六009,德甲,埃尔沃斯堡,勒沃库森,21:30,1:4,19.00
周六009,德甲,埃尔沃斯堡,勒沃库森,21:30,1:0,21.00
周六009,德甲,埃尔沃斯堡,勒沃库森,21:30,0:0,23.00
周六009,德甲,埃尔沃斯堡,勒沃库森,21:30,0:4,25.00
周六009,德甲,埃尔沃斯堡,勒沃库森,21:30,2:4,30.00
周六009,德甲,埃尔沃斯堡,勒沃库森,21:30,2:0,31.00
周六009,德甲,埃尔沃斯堡,勒沃库森,21:30,3:2,33.00
周六009,德甲,埃尔沃斯堡,勒沃库森,21:30,3:1,35.00
周六009,德甲,埃尔沃斯堡,勒沃库森,21:30,3:3,41.00
周六009,德甲,埃尔沃斯堡,勒沃库森,21:30,1:5,45.00
周六009,德甲,埃尔沃斯堡,勒沃库森,21:30,0:5,55.00
周六009,德甲,埃尔沃斯堡,勒沃库森,21:30,2:5,65.00
周六009,德甲,埃尔沃斯堡,勒沃库森,21:30,3:0,80.00
周六009,德甲,埃尔沃斯堡,勒沃库森,21:30,4:1,100.00
周六009,德甲,埃尔沃斯堡,勒沃库森,21:30,4:2,100.00
周六009,德甲,埃尔沃斯堡,勒沃库森,21:30,4:0,250.00
周六009,德甲,埃尔沃斯堡,勒沃库森,21:30,5:2,350.00
周六009,德甲,埃尔沃斯堡,勒沃库森,21:30,5:1,500.00
周六009,德甲,埃尔沃斯堡,勒沃库森,21:30,5:0,650.00
周六010,德甲,莱比锡红牛,门兴格拉德巴赫,21:30,2:1,7.00
周六010,德甲,莱比锡红牛,门兴格拉德巴赫,21:30,2:0,9.00
周六010,德甲,莱比锡红牛,门兴格拉德巴赫,21:30,1:1,9.50
周六010,德甲,莱比锡红牛,门兴格拉德巴赫,21:30,3:1,10.00
周六010,德甲,莱比锡红牛,门兴格拉德巴赫,21:30,1:0,11.00
周六010,德甲,莱比锡红牛,门兴格拉德巴赫,21:30,3:0,12.00
周六010,德甲,莱比锡红牛,门兴格拉德巴赫,21:30,2:2,13.00
周六010,德甲,莱比锡红牛,门兴格拉德巴赫,21:30,1:2,14.00
周六010,德甲,莱比锡红牛,门兴格拉德巴赫,21:30,3:2,16.00
周六010,德甲,莱比锡红牛,门兴格拉德巴赫,21:30,4:1,19.00
周六010,德甲,莱比锡红牛,门兴格拉德巴赫,21:30,0:1,22.00
周六010,德甲,莱比锡红牛,门兴格拉德巴赫,21:30,4:0,22.00
周六010,德甲,莱比锡红牛,门兴格拉德巴赫,21:30,0:0,23.00
周六010,德甲,莱比锡红牛,门兴格拉德巴赫,21:30,4:2,30.00
周六010,德甲,莱比锡红牛,门兴格拉德巴赫,21:30,2:3,33.00
周六010,德甲,莱比锡红牛,门兴格拉德巴赫,21:30,0:2,35.00
周六010,德甲,莱比锡红牛,门兴格拉德巴赫,21:30,1:3,37.00
周六010,德甲,莱比锡红牛,门兴格拉德巴赫,21:30,5:1,39.00
周六010,德甲,莱比锡红牛,门兴格拉德巴赫,21:30,3:3,40.00
周六010,德甲,莱比锡红牛,门兴格拉德巴赫,21:30,5:0,50.00
周六010,德甲,莱比锡红牛,门兴格拉德巴赫,21:30,5:2,65.00
周六010,德甲,莱比锡红牛,门兴格拉德巴赫,21:30,0:3,100.00
周六010,德甲,莱比锡红牛,门兴格拉德巴赫,21:30,1:4,125.00
周六010,德甲,莱比锡红牛,门兴格拉德巴赫,21:30,2:4,125.00
周六010,德甲,莱比锡红牛,门兴格拉德巴赫,21:30,0:4,350.00
周六010,德甲,莱比锡红牛,门兴格拉德巴赫,21:30,1:5,500.00
周六010,德甲,莱比锡红牛,门兴格拉德巴赫,21:30,2:5,500.00
周六010,德甲,莱比锡红牛,门兴格拉德巴赫,21:30,0:5,750.00
周六011,德甲,柏林联合,法兰克福,21:30,1:1,7.25
周六011,德甲,柏林联合,法兰克福,21:30,1:2,7.75
周六011,德甲,柏林联合,法兰克福,21:30,2:1,8.00
周六011,德甲,柏林联合,法兰克福,21:30,2:2,11.00
周六011,德甲,柏林联合,法兰克福,21:30,0:1,11.50
周六011,德甲,柏林联合,法兰克福,21:30,1:0,12.00
周六011,德甲,柏林联合,法兰克福,21:30,0:2,14.00
周六011,德甲,柏林联合,法兰克福,21:30,2:0,15.00
周六011,德甲,柏林联合,法兰克福,21:30,1:3,16.00
周六011,德甲,柏林联合,法兰克福,21:30,0:0,17.00
周六011,德甲,柏林联合,法兰克福,21:30,3:1,18.00
周六011,德甲,柏林联合,法兰克福,21:30,2:3,21.00
周六011,德甲,柏林联合,法兰克福,21:30,3:2,22.00
周六011,德甲,柏林联合,法兰克福,21:30,0:3,27.00
周六011,德甲,柏林联合,法兰克福,21:30,3:0,29.00
周六011,德甲,柏林联合,法兰克福,21:30,3:3,41.00
周六011,德甲,柏林联合,法兰克福,21:30,1:4,45.00
周六011,德甲,柏林联合,法兰克福,21:30,2:4,50.00
周六011,德甲,柏林联合,法兰克福,21:30,4:1,50.00
周六011,德甲,柏林联合,法兰克福,21:30,4:2,60.00
周六011,德甲,柏林联合,法兰克福,21:30,0:4,70.00
周六011,德甲,柏林联合,法兰克福,21:30,4:0,80.00
周六011,德甲,柏林联合,法兰克福,21:30,1:5,125.00
周六011,德甲,柏林联合,法兰克福,21:30,2:5,150.00
周六011,德甲,柏林联合,法兰克福,21:30,0:5,175.00
周六011,德甲,柏林联合,法兰克福,21:30,5:1,175.00
周六011,德甲,柏林联合,法兰克福,21:30,5:2,200.00
周六011,德甲,柏林联合,法兰克福,21:30,5:0,250.00
周六012,德甲,科隆,霍芬海姆,21:30,1:2,7.25
周六012,德甲,科隆,霍芬海姆,21:30,1:1,8.00
周六012,德甲,科隆,霍芬海姆,21:30,2:1,9.00
周六012,德甲,科隆,霍芬海姆,21:30,2:2,11.00
周六012,德甲,科隆,霍芬海姆,21:30,0:1,12.50
周六012,德甲,科隆,霍芬海姆,21:30,0:2,14.00
周六012,德甲,科隆,霍芬海姆,21:30,1:3,14.00
周六012,德甲,科隆,霍芬海姆,21:30,1:0,15.00
周六012,德甲,科隆,霍芬海姆,21:30,2:3,17.00
周六012,德甲,科隆,霍芬海姆,21:30,2:0,19.00
周六012,德甲,科隆,霍芬海姆,21:30,3:1,19.00
周六012,德甲,科隆,霍芬海姆,21:30,0:0,20.00
周六012,德甲,科隆,霍芬海姆,21:30,3:2,22.00
周六012,德甲,科隆,霍芬海姆,21:30,0:3,23.00
周六012,德甲,科隆,霍芬海姆,21:30,1:4,31.00
周六012,德甲,科隆,霍芬海姆,21:30,3:3,31.00
周六012,德甲,科隆,霍芬海姆,21:30,3:0,35.00
周六012,德甲,科隆,霍芬海姆,21:30,2:4,40.00
周六012,德甲,科隆,霍芬海姆,21:30,0:4,55.00
周六012,德甲,科隆,霍芬海姆,21:30,4:1,55.00
周六012,德甲,科隆,霍芬海姆,21:30,4:2,60.00
周六012,德甲,科隆,霍芬海姆,21:30,1:5,80.00
周六012,德甲,科隆,霍芬海姆,21:30,2:5,90.00
周六012,德甲,科隆,霍芬海姆,21:30,4:0,100.00
周六012,德甲,科隆,霍芬海姆,21:30,0:5,125.00
周六012,德甲,科隆,霍芬海姆,21:30,5:1,175.00
周六012,德甲,科隆,霍芬海姆,21:30,5:2,175.00
周六012,德甲,科隆,霍芬海姆,21:30,5:0,350.00
周六013,德甲,美因茨,帕德博恩,21:30,2:1,7.00
周六013,德甲,美因茨,帕德博恩,21:30,2:0,8.25
周六013,德甲,美因茨,帕德博恩,21:30,1:1,8.75
周六013,德甲,美因茨,帕德博恩,21:30,1:0,9.00
周六013,德甲,美因茨,帕德博恩,21:30,3:1,10.00
周六013,德甲,美因茨,帕德博恩,21:30,3:0,11.00
周六013,德甲,美因茨,帕德博恩,21:30,2:2,14.00
周六013,德甲,美因茨,帕德博恩,21:30,1:2,17.00
周六013,德甲,美因茨,帕德博恩,21:30,3:2,18.00
周六013,德甲,美因茨,帕德博恩,21:30,4:0,18.00
周六013,德甲,美因茨,帕德博恩,21:30,4:1,18.00
周六013,德甲,美因茨,帕德博恩,21:30,0:1,21.00
周六013,德甲,美因茨,帕德博恩,21:30,0:0,23.00
周六013,德甲,美因茨,帕德博恩,21:30,4:2,35.00
周六013,德甲,美因茨,帕德博恩,21:30,0:2,40.00
周六013,德甲,美因茨,帕德博恩,21:30,1:3,40.00
周六013,德甲,美因茨,帕德博恩,21:30,2:3,40.00
周六013,德甲,美因茨,帕德博恩,21:30,5:1,40.00
周六013,德甲,美因茨,帕德博恩,21:30,5:0,50.00
周六013,德甲,美因茨,帕德博恩,21:30,3:3,60.00
周六013,德甲,美因茨,帕德博恩,21:30,5:2,70.00
周六013,德甲,美因茨,帕德博恩,21:30,0:3,100.00
周六013,德甲,美因茨,帕德博恩,21:30,1:4,150.00
周六013,德甲,美因茨,帕德博恩,21:30,2:4,150.00
周六013,德甲,美因茨,帕德博恩,21:30,0:4,350.00
周六013,德甲,美因茨,帕德博恩,21:30,1:5,550.00
周六013,德甲,美因茨,帕德博恩,21:30,2:5,550.00
周六013,德甲,美因茨,帕德博恩,21:30,0:5,750.00
周六014,英超,考文垂,赫尔城,22:00,1:1,7.00
周六014,英超,考文垂,赫尔城,22:00,2:1,7.00
周六014,英超,考文垂,赫尔城,22:00,1:0,7.25
周六014,英超,考文垂,赫尔城,22:00,2:0,8.00
周六014,英超,考文垂,赫尔城,22:00,0:0,12.00
周六014,英超,考文垂,赫尔城,22:00,1:2,12.00
周六014,英超,考文垂,赫尔城,22:00,3:1,12.00
周六014,英超,考文垂,赫尔城,22:00,3:0,13.00
周六014,英超,考文垂,赫尔城,22:00,0:1,13.50
周六014,英超,考文垂,赫尔城,22:00,2:2,14.00
周六014,英超,考文垂,赫尔城,22:00,0:2,23.00
周六014,英超,考文垂,赫尔城,22:00,3:2,25.00
周六014,英超,考文垂,赫尔城,22:00,4:1,29.00
周六014,英超,考文垂,赫尔城,22:00,4:0,30.00
周六014,英超,考文垂,赫尔城,22:00,1:3,45.00
周六014,英超,考文垂,赫尔城,22:00,2:3,50.00
周六014,英超,考文垂,赫尔城,22:00,4:2,60.00
周六014,英超,考文垂,赫尔城,22:00,3:3,70.00
周六014,英超,考文垂,赫尔城,22:00,0:3,75.00
周六014,英超,考文垂,赫尔城,22:00,5:0,75.00
周六014,英超,考文垂,赫尔城,22:00,5:1,75.00
周六014,英超,考文垂,赫尔城,22:00,1:4,175.00
周六014,英超,考文垂,赫尔城,22:00,2:4,175.00
周六014,英超,考文垂,赫尔城,22:00,5:2,175.00
周六014,英超,考文垂,赫尔城,22:00,0:4,300.00
周六014,英超,考文垂,赫尔城,22:00,1:5,500.00
周六014,英超,考文垂,赫尔城,22:00,0:5,600.00
周六014,英超,考文垂,赫尔城,22:00,2:5,600.00
周六015,英超,伯恩茅斯,埃弗顿,22:00,1:1,7.00
周六015,英超,伯恩茅斯,埃弗顿,22:00,2:1,7.50
周六015,英超,伯恩茅斯,埃弗顿,22:00,1:0,8.50
周六015,英超,伯恩茅斯,埃弗顿,22:00,2:0,10.00
周六015,英超,伯恩茅斯,埃弗顿,22:00,1:2,10.50
周六015,英超,伯恩茅斯,埃弗顿,22:00,2:2,12.00
周六015,英超,伯恩茅斯,埃弗顿,22:00,0:1,12.50
周六015,英超,伯恩茅斯,埃弗顿,22:00,0:0,13.00
周六015,英超,伯恩茅斯,埃弗顿,22:00,3:1,14.00
周六015,英超,伯恩茅斯,埃弗顿,22:00,3:0,17.00
周六015,英超,伯恩茅斯,埃弗顿,22:00,0:2,19.00
周六015,英超,伯恩茅斯,埃弗顿,22:00,3:2,23.00
周六015,英超,伯恩茅斯,埃弗顿,22:00,1:3,27.00
周六015,英超,伯恩茅斯,埃弗顿,22:00,2:3,30.00
周六015,英超,伯恩茅斯,埃弗顿,22:00,4:1,30.00
周六015,英超,伯恩茅斯,埃弗顿,22:00,4:0,36.00
周六015,英超,伯恩茅斯,埃弗顿,22:00,0:3,50.00
周六015,英超,伯恩茅斯,埃弗顿,22:00,3:3,50.00
周六015,英超,伯恩茅斯,埃弗顿,22:00,4:2,60.00
周六015,英超,伯恩茅斯,埃弗顿,22:00,1:4,90.00
周六015,英超,伯恩茅斯,埃弗顿,22:00,5:1,90.00
周六015,英超,伯恩茅斯,埃弗顿,22:00,2:4,100.00
周六015,英超,伯恩茅斯,埃弗顿,22:00,5:0,100.00
周六015,英超,伯恩茅斯,埃弗顿,22:00,0:4,150.00
周六015,英超,伯恩茅斯,埃弗顿,22:00,5:2,175.00
周六015,英超,伯恩茅斯,埃弗顿,22:00,1:5,350.00
周六015,英超,伯恩茅斯,埃弗顿,22:00,2:5,350.00
周六015,英超,伯恩茅斯,埃弗顿,22:00,0:5,500.00
周六016,西甲,莱万特,皇家贝蒂斯,23:00,1:1,6.70
周六016,西甲,莱万特,皇家贝蒂斯,23:00,1:2,7.50
周六016,西甲,莱万特,皇家贝蒂斯,23:00,0:1,8.00
周六016,西甲,莱万特,皇家贝蒂斯,23:00,1:0,9.50
周六016,西甲,莱万特,皇家贝蒂斯,23:00,2:1,10.00
周六016,西甲,莱万特,皇家贝蒂斯,23:00,0:2,11.00
周六016,西甲,莱万特,皇家贝蒂斯,23:00,0:0,12.00
周六016,西甲,莱万特,皇家贝蒂斯,23:00,2:2,12.00
周六016,西甲,莱万特,皇家贝蒂斯,23:00,1:3,16.00
周六016,西甲,莱万特,皇家贝蒂斯,23:00,2:0,16.00
周六016,西甲,莱万特,皇家贝蒂斯,23:00,0:3,22.00
周六016,西甲,莱万特,皇家贝蒂斯,23:00,2:3,24.00
周六016,西甲,莱万特,皇家贝蒂斯,23:00,3:1,25.00
周六016,西甲,莱万特,皇家贝蒂斯,23:00,3:2,33.00
周六016,西甲,莱万特,皇家贝蒂斯,23:00,3:0,40.00
周六016,西甲,莱万特,皇家贝蒂斯,23:00,0:4,50.00
周六016,西甲,莱万特,皇家贝蒂斯,23:00,1:4,50.00
周六016,西甲,莱万特,皇家贝蒂斯,23:00,3:3,50.00
周六016,西甲,莱万特,皇家贝蒂斯,23:00,2:4,75.00
周六016,西甲,莱万特,皇家贝蒂斯,23:00,4:1,75.00
周六016,西甲,莱万特,皇家贝蒂斯,23:00,4:0,100.00
周六016,西甲,莱万特,皇家贝蒂斯,23:00,4:2,100.00
周六016,西甲,莱万特,皇家贝蒂斯,23:00,1:5,150.00
周六016,西甲,莱万特,皇家贝蒂斯,23:00,0:5,175.00
周六016,西甲,莱万特,皇家贝蒂斯,23:00,2:5,200.00
周六016,西甲,莱万特,皇家贝蒂斯,23:00,5:0,300.00
周六016,西甲,莱万特,皇家贝蒂斯,23:00,5:1,300.00
周六016,西甲,莱万特,皇家贝蒂斯,23:00,5:2,350.00
周六017,法甲,斯特拉斯堡,朗斯,23:15,1:2,7.25
周六017,法甲,斯特拉斯堡,朗斯,23:15,1:1,7.30
周六017,法甲,斯特拉斯堡,朗斯,23:15,0:1,9.25
周六017,法甲,斯特拉斯堡,朗斯,23:15,0:2,10.50
周六017,法甲,斯特拉斯堡,朗斯,23:15,2:1,11.50
周六017,法甲,斯特拉斯堡,朗斯,23:15,2:2,11.50
周六017,法甲,斯特拉斯堡,朗斯,23:15,1:3,13.00
周六017,法甲,斯特拉斯堡,朗斯,23:15,1:0,15.00
周六017,法甲,斯特拉斯堡,朗斯,23:15,0:3,17.00
周六017,法甲,斯特拉斯堡,朗斯,23:15,0:0,18.00
周六017,法甲,斯特拉斯堡,朗斯,23:15,2:3,19.00
周六017,法甲,斯特拉斯堡,朗斯,23:15,2:0,23.00
周六017,法甲,斯特拉斯堡,朗斯,23:15,3:1,26.00
周六017,法甲,斯特拉斯堡,朗斯,23:15,1:4,28.00
周六017,法甲,斯特拉斯堡,朗斯,23:15,3:2,29.00
周六017,法甲,斯特拉斯堡,朗斯,23:15,0:4,38.00
周六017,法甲,斯特拉斯堡,朗斯,23:15,2:4,42.00
周六017,法甲,斯特拉斯堡,朗斯,23:15,3:3,42.00
周六017,法甲,斯特拉斯堡,朗斯,23:15,3:0,45.00
周六017,法甲,斯特拉斯堡,朗斯,23:15,1:5,70.00
周六017,法甲,斯特拉斯堡,朗斯,23:15,4:1,75.00
周六017,法甲,斯特拉斯堡,朗斯,23:15,4:2,80.00
周六017,法甲,斯特拉斯堡,朗斯,23:15,0:5,85.00
周六017,法甲,斯特拉斯堡,朗斯,23:15,2:5,100.00
周六017,法甲,斯特拉斯堡,朗斯,23:15,4:0,120.00
周六017,法甲,斯特拉斯堡,朗斯,23:15,5:1,250.00
周六017,法甲,斯特拉斯堡,朗斯,23:15,5:2,300.00
周六017,法甲,斯特拉斯堡,朗斯,23:15,5:0,400.00
周六019,英超,托特纳姆热刺,纽卡斯尔联,00:30,2:1,7.75
周六019,英超,托特纳姆热刺,纽卡斯尔联,00:30,1:1,8.00
周六019,英超,托特纳姆热刺,纽卡斯尔联,00:30,1:2,9.25
周六019,英超,托特纳姆热刺,纽卡斯尔联,00:30,2:2,10.00
周六019,英超,托特纳姆热刺,纽卡斯尔联,00:30,1:0,11.50
周六019,英超,托特纳姆热刺,纽卡斯尔联,00:30,2:0,12.50
周六019,英超,托特纳姆热刺,纽卡斯尔联,00:30,0:1,13.00
周六019,英超,托特纳姆热刺,纽卡斯尔联,00:30,3:1,14.00
周六019,英超,托特纳姆热刺,纽卡斯尔联,00:30,0:0,18.00
周六019,英超,托特纳姆热刺,纽卡斯尔联,00:30,0:2,18.00
周六019,英超,托特纳姆热刺,纽卡斯尔联,00:30,3:2,19.00
周六019,英超,托特纳姆热刺,纽卡斯尔联,00:30,1:3,20.00
周六019,英超,托特纳姆热刺,纽卡斯尔联,00:30,3:0,22.00
周六019,英超,托特纳姆热刺,纽卡斯尔联,00:30,2:3,24.00
周六019,英超,托特纳姆热刺,纽卡斯尔联,00:30,4:1,30.00
周六019,英超,托特纳姆热刺,纽卡斯尔联,00:30,0:3,34.00
周六019,英超,托特纳姆热刺,纽卡斯尔联,00:30,3:3,35.00
周六019,英超,托特纳姆热刺,纽卡斯尔联,00:30,4:0,50.00
周六019,英超,托特纳姆热刺,纽卡斯尔联,00:30,4:2,50.00
周六019,英超,托特纳姆热刺,纽卡斯尔联,00:30,1:4,60.00
周六019,英超,托特纳姆热刺,纽卡斯尔联,00:30,2:4,60.00
周六019,英超,托特纳姆热刺,纽卡斯尔联,00:30,0:4,90.00
周六019,英超,托特纳姆热刺,纽卡斯尔联,00:30,5:1,90.00
周六019,英超,托特纳姆热刺,纽卡斯尔联,00:30,5:0,150.00
周六019,英超,托特纳姆热刺,纽卡斯尔联,00:30,5:2,150.00
周六019,英超,托特纳姆热刺,纽卡斯尔联,00:30,1:5,175.00
周六019,英超,托特纳姆热刺,纽卡斯尔联,00:30,2:5,200.00
周六019,英超,托特纳姆热刺,纽卡斯尔联,00:30,0:5,300.00
周六020,德甲,多特蒙德,汉堡,00:30,2:0,7.00
周六020,德甲,多特蒙德,汉堡,00:30,2:1,7.25
周六020,德甲,多特蒙德,汉堡,00:30,3:0,8.50
周六020,德甲,多特蒙德,汉堡,00:30,1:0,9.10
周六020,德甲,多特蒙德,汉堡,00:30,3:1,9.25
周六020,德甲,多特蒙德,汉堡,00:30,1:1,10.00
周六020,德甲,多特蒙德,汉堡,00:30,4:0,13.50
周六020,德甲,多特蒙德,汉堡,00:30,4:1,16.00
周六020,德甲,多特蒙德,汉堡,00:30,2:2,18.00
周六020,德甲,多特蒙德,汉堡,00:30,3:2,21.00
周六020,德甲,多特蒙德,汉堡,00:30,0:0,24.00
周六020,德甲,多特蒙德,汉堡,00:30,1:2,25.00
周六020,德甲,多特蒙德,汉堡,00:30,5:0,27.00
周六020,德甲,多特蒙德,汉堡,00:30,0:1,30.00
周六020,德甲,多特蒙德,汉堡,00:30,5:1,30.00
周六020,德甲,多特蒙德,汉堡,00:30,4:2,35.00
周六020,德甲,多特蒙德,汉堡,00:30,3:3,58.00
周六020,德甲,多特蒙德,汉堡,00:30,0:2,60.00
周六020,德甲,多特蒙德,汉堡,00:30,2:3,65.00
周六020,德甲,多特蒙德,汉堡,00:30,5:2,65.00
周六020,德甲,多特蒙德,汉堡,00:30,1:3,75.00
周六020,德甲,多特蒙德,汉堡,00:30,0:3,200.00
周六020,德甲,多特蒙德,汉堡,00:30,2:4,300.00
周六020,德甲,多特蒙德,汉堡,00:30,1:4,350.00
周六020,德甲,多特蒙德,汉堡,00:30,0:4,550.00
周六020,德甲,多特蒙德,汉堡,00:30,2:5,600.00
周六020,德甲,多特蒙德,汉堡,00:30,1:5,700.00
周六020,德甲,多特蒙德,汉堡,00:30,0:5,800.00
周六021,意甲,蒙扎,乌迪内斯,00:30,1:1,6.00
周六021,意甲,蒙扎,乌迪内斯,00:30,0:1,7.25
周六021,意甲,蒙扎,乌迪内斯,00:30,1:0,8.00
周六021,意甲,蒙扎,乌迪内斯,00:30,1:2,8.50
周六021,意甲,蒙扎,乌迪内斯,00:30,0:0,9.00
周六021,意甲,蒙扎,乌迪内斯,00:30,2:1,9.25
周六021,意甲,蒙扎,乌迪内斯,00:30,0:2,11.00
周六021,意甲,蒙扎,乌迪内斯,00:30,2:0,13.00
周六021,意甲,蒙扎,乌迪内斯,00:30,2:2,15.00
周六021,意甲,蒙扎,乌迪内斯,00:30,1:3,21.00
周六021,意甲,蒙扎,乌迪内斯,00:30,0:3,23.00
周六021,意甲,蒙扎,乌迪内斯,00:30,3:1,25.00
周六021,意甲,蒙扎,乌迪内斯,00:30,2:3,30.00
周六021,意甲,蒙扎,乌迪内斯,00:30,3:0,30.00
周六021,意甲,蒙扎,乌迪内斯,00:30,3:2,35.00
周六021,意甲,蒙扎,乌迪内斯,00:30,1:4,60.00
周六021,意甲,蒙扎,乌迪内斯,00:30,0:4,75.00
周六021,意甲,蒙扎,乌迪内斯,00:30,3:3,90.00
周六021,意甲,蒙扎,乌迪内斯,00:30,4:1,90.00
周六021,意甲,蒙扎,乌迪内斯,00:30,2:4,100.00
周六021,意甲,蒙扎,乌迪内斯,00:30,4:0,100.00
周六021,意甲,蒙扎,乌迪内斯,00:30,4:2,150.00
周六021,意甲,蒙扎,乌迪内斯,00:30,1:5,200.00
周六021,意甲,蒙扎,乌迪内斯,00:30,0:5,300.00
周六021,意甲,蒙扎,乌迪内斯,00:30,2:5,350.00
周六021,意甲,蒙扎,乌迪内斯,00:30,5:1,350.00
周六021,意甲,蒙扎,乌迪内斯,00:30,5:0,500.00
周六021,意甲,蒙扎,乌迪内斯,00:30,5:2,500.00
周六022,意甲,佛罗伦萨,弗洛西诺内,00:30,1:1,7.25
周六022,意甲,佛罗伦萨,弗洛西诺内,00:30,1:0,7.40
周六022,意甲,佛罗伦萨,弗洛西诺内,00:30,2:1,7.50
周六022,意甲,佛罗伦萨,弗洛西诺内,00:30,2:0,7.75
周六022,意甲,佛罗伦萨,弗洛西诺内,00:30,3:0,12.00
周六022,意甲,佛罗伦萨,弗洛西诺内,00:30,3:1,12.00
周六022,意甲,佛罗伦萨,弗洛西诺内,00:30,0:0,14.00
周六022,意甲,佛罗伦萨,弗洛西诺内,00:30,1:2,14.00
周六022,意甲,佛罗伦萨,弗洛西诺内,00:30,2:2,14.00
周六022,意甲,佛罗伦萨,弗洛西诺内,00:30,0:1,15.00
周六022,意甲,佛罗伦萨,弗洛西诺内,00:30,3:2,21.00
周六022,意甲,佛罗伦萨,弗洛西诺内,00:30,4:0,23.00
周六022,意甲,佛罗伦萨,弗洛西诺内,00:30,4:1,24.00
周六022,意甲,佛罗伦萨,弗洛西诺内,00:30,0:2,30.00
周六022,意甲,佛罗伦萨,弗洛西诺内,00:30,4:2,46.00
周六022,意甲,佛罗伦萨,弗洛西诺内,00:30,1:3,48.00
周六022,意甲,佛罗伦萨,弗洛西诺内,00:30,2:3,48.00
周六022,意甲,佛罗伦萨,弗洛西诺内,00:30,5:1,55.00
周六022,意甲,佛罗伦萨,弗洛西诺内,00:30,5:0,60.00
周六022,意甲,佛罗伦萨,弗洛西诺内,00:30,3:3,65.00
周六022,意甲,佛罗伦萨,弗洛西诺内,00:30,0:3,85.00
周六022,意甲,佛罗伦萨,弗洛西诺内,00:30,5:2,125.00
周六022,意甲,佛罗伦萨,弗洛西诺内,00:30,1:4,175.00
周六022,意甲,佛罗伦萨,弗洛西诺内,00:30,2:4,175.00
周六022,意甲,佛罗伦萨,弗洛西诺内,00:30,0:4,300.00
周六022,意甲,佛罗伦萨,弗洛西诺内,00:30,2:5,500.00
周六022,意甲,佛罗伦萨,弗洛西诺内,00:30,1:5,600.00
周六022,意甲,佛罗伦萨,弗洛西诺内,00:30,0:5,800.00
周六023,意甲,萨索洛,都灵,00:30,1:1,5.50
周六023,意甲,萨索洛,都灵,00:30,1:0,7.50
周六023,意甲,萨索洛,都灵,00:30,2:1,8.00
周六023,意甲,萨索洛,都灵,00:30,0:1,9.25
周六023,意甲,萨索洛,都灵,00:30,1:2,9.50
周六023,意甲,萨索洛,都灵,00:30,2:0,10.00
周六023,意甲,萨索洛,都灵,00:30,0:0,11.00
周六023,意甲,萨索洛,都灵,00:30,2:2,14.00
周六023,意甲,萨索洛,都灵,00:30,0:2,16.00
周六023,意甲,萨索洛,都灵,00:30,3:1,18.00
周六023,意甲,萨索洛,都灵,00:30,3:0,21.00
周六023,意甲,萨索洛,都灵,00:30,1:3,26.00
周六023,意甲,萨索洛,都灵,00:30,3:2,29.00
周六023,意甲,萨索洛,都灵,00:30,2:3,30.00
周六023,意甲,萨索洛,都灵,00:30,0:3,40.00
周六023,意甲,萨索洛,都灵,00:30,4:0,60.00
周六023,意甲,萨索洛,都灵,00:30,4:1,60.00
周六023,意甲,萨索洛,都灵,00:30,3:3,75.00
周六023,意甲,萨索洛,都灵,00:30,4:2,75.00
周六023,意甲,萨索洛,都灵,00:30,1:4,90.00
周六023,意甲,萨索洛,都灵,00:30,0:4,150.00
周六023,意甲,萨索洛,都灵,00:30,2:4,150.00
周六023,意甲,萨索洛,都灵,00:30,5:1,150.00
周六023,意甲,萨索洛,都灵,00:30,5:0,175.00
周六023,意甲,萨索洛,都灵,00:30,5:2,300.00
周六023,意甲,萨索洛,都灵,00:30,1:5,350.00
周六023,意甲,萨索洛,都灵,00:30,0:5,500.00
周六023,意甲,萨索洛,都灵,00:30,2:5,500.00
周六025,西甲,皇家社会,西班牙人,01:00,1:1,6.75
周六025,西甲,皇家社会,西班牙人,01:00,2:1,7.25
周六025,西甲,皇家社会,西班牙人,01:00,1:0,7.50
周六025,西甲,皇家社会,西班牙人,01:00,2:0,9.00
周六025,西甲,皇家社会,西班牙人,01:00,0:1,11.00
周六025,西甲,皇家社会,西班牙人,01:00,1:2,11.00
周六025,西甲,皇家社会,西班牙人,01:00,0:0,12.00
周六025,西甲,皇家社会,西班牙人,01:00,2:2,12.50
周六025,西甲,皇家社会,西班牙人,01:00,3:1,14.00
周六025,西甲,皇家社会,西班牙人,01:00,3:0,16.00
周六025,西甲,皇家社会,西班牙人,01:00,0:2,20.00
周六025,西甲,皇家社会,西班牙人,01:00,3:2,25.00
周六025,西甲,皇家社会,西班牙人,01:00,1:3,35.00
周六025,西甲,皇家社会,西班牙人,01:00,2:3,38.00
周六025,西甲,皇家社会,西班牙人,01:00,4:0,40.00
周六025,西甲,皇家社会,西班牙人,01:00,4:1,40.00
周六025,西甲,皇家社会,西班牙人,01:00,0:3,50.00
周六025,西甲,皇家社会,西班牙人,01:00,3:3,55.00
周六025,西甲,皇家社会,西班牙人,01:00,4:2,60.00
周六025,西甲,皇家社会,西班牙人,01:00,1:4,100.00
周六025,西甲,皇家社会,西班牙人,01:00,5:0,100.00
周六025,西甲,皇家社会,西班牙人,01:00,5:1,100.00
周六025,西甲,皇家社会,西班牙人,01:00,2:4,150.00
周六025,西甲,皇家社会,西班牙人,01:00,0:4,175.00
周六025,西甲,皇家社会,西班牙人,01:00,5:2,200.00
周六025,西甲,皇家社会,西班牙人,01:00,0:5,400.00
周六025,西甲,皇家社会,西班牙人,01:00,1:5,400.00
周六025,西甲,皇家社会,西班牙人,01:00,2:5,400.00
周六027,意甲,尤文图斯,帕尔马,02:45,2:0,5.25
周六027,意甲,尤文图斯,帕尔马,02:45,1:0,6.50
周六027,意甲,尤文图斯,帕尔马,02:45,3:0,6.50
周六027,意甲,尤文图斯,帕尔马,02:45,2:1,8.50
周六027,意甲,尤文图斯,帕尔马,02:45,4:0,10.50
周六027,意甲,尤文图斯,帕尔马,02:45,3:1,11.00
周六027,意甲,尤文图斯,帕尔马,02:45,1:1,11.50
周六027,意甲,尤文图斯,帕尔马,02:45,0:0,15.00
周六027,意甲,尤文图斯,帕尔马,02:45,4:1,18.00
周六027,意甲,尤文图斯,帕尔马,02:45,5:0,23.00
周六027,意甲,尤文图斯,帕尔马,02:45,0:1,25.00
周六027,意甲,尤文图斯,帕尔马,02:45,2:2,30.00
周六027,意甲,尤文图斯,帕尔马,02:45,5:1,32.00
周六027,意甲,尤文图斯,帕尔马,02:45,1:2,35.00
周六027,意甲,尤文图斯,帕尔马,02:45,3:2,35.00
周六027,意甲,尤文图斯,帕尔马,02:45,4:2,60.00
周六027,意甲,尤文图斯,帕尔马,02:45,0:2,90.00
周六027,意甲,尤文图斯,帕尔马,02:45,5:2,100.00
周六027,意甲,尤文图斯,帕尔马,02:45,2:3,150.00
周六027,意甲,尤文图斯,帕尔马,02:45,3:3,175.00
周六027,意甲,尤文图斯,帕尔马,02:45,1:3,200.00
周六027,意甲,尤文图斯,帕尔马,02:45,0:3,350.00
周六027,意甲,尤文图斯,帕尔马,02:45,2:4,600.00
周六027,意甲,尤文图斯,帕尔马,02:45,1:4,700.00
周六027,意甲,尤文图斯,帕尔马,02:45,0:4,1000.00
周六027,意甲,尤文图斯,帕尔马,02:45,0:5,1000.00
周六027,意甲,尤文图斯,帕尔马,02:45,1:5,1000.00
周六027,意甲,尤文图斯,帕尔马,02:45,2:5,1000.00
周六028,西甲,塞维利亚,马德里竞技,03:30,0:1,6.75
周六028,西甲,塞维利亚,马德里竞技,03:30,1:1,6.75
周六028,西甲,塞维利亚,马德里竞技,03:30,1:2,7.25
周六028,西甲,塞维利亚,马德里竞技,03:30,0:2,9.00
周六028,西甲,塞维利亚,马德里竞技,03:30,0:0,10.00
周六028,西甲,塞维利亚,马德里竞技,03:30,1:0,10.50
周六028,西甲,塞维利亚,马德里竞技,03:30,2:1,12.00
周六028,西甲,塞维利亚,马德里竞技,03:30,2:2,13.50
周六028,西甲,塞维利亚,马德里竞技,03:30,1:3,15.00
周六028,西甲,塞维利亚,马德里竞技,03:30,0:3,18.00
周六028,西甲,塞维利亚,马德里竞技,03:30,2:0,20.00
周六028,西甲,塞维利亚,马德里竞技,03:30,2:3,25.00
周六028,西甲,塞维利亚,马德里竞技,03:30,3:1,33.00
周六028,西甲,塞维利亚,马德里竞技,03:30,3:2,38.00
周六028,西甲,塞维利亚,马德里竞技,03:30,1:4,40.00
周六028,西甲,塞维利亚,马德里竞技,03:30,0:4,45.00
周六028,西甲,塞维利亚,马德里竞技,03:30,3:0,50.00
周六028,西甲,塞维利亚,马德里竞技,03:30,3:3,60.00
周六028,西甲,塞维利亚,马德里竞技,03:30,2:4,75.00
周六028,西甲,塞维利亚,马德里竞技,03:30,1:5,100.00
周六028,西甲,塞维利亚,马德里竞技,03:30,4:1,100.00
周六028,西甲,塞维利亚,马德里竞技,03:30,0:5,120.00
周六028,西甲,塞维利亚,马德里竞技,03:30,4:2,150.00
周六028,西甲,塞维利亚,马德里竞技,03:30,4:0,175.00
周六028,西甲,塞维利亚,马德里竞技,03:30,2:5,200.00
周六028,西甲,塞维利亚,马德里竞技,03:30,5:0,400.00
周六028,西甲,塞维利亚,马德里竞技,03:30,5:1,400.00
周六028,西甲,塞维利亚,马德里竞技,03:30,5:2,400.00
